arquivo,tipo,classe,nome,rank_cc,complexity,linha_ini,linha_fim
pynapple/core/base_class.py,method,_Base,_define_instance,A,1,64,70
pynapple/core/base_class.py,method,_Base,t,A,1,73,75
pynapple/core/base_class.py,method,_Base,start,A,1,78,80
pynapple/core/base_class.py,method,_Base,end,A,1,83,85
pynapple/core/base_class.py,method,_Base,shape,A,1,88,90
pynapple/core/base_class.py,method,_Base,__repr__,A,1,92,93
pynapple/core/base_class.py,method,_Base,__str__,A,1,95,96
pynapple/core/base_class.py,method,_Base,__len__,A,1,98,99
pynapple/core/base_class.py,method,_Base,__getitem__,A,1,113,115
pynapple/core/base_class.py,method,_Base,__setitem__,A,1,117,118
pynapple/core/base_class.py,method,_Base,times,A,1,120,134
pynapple/core/base_class.py,method,_Base,_get_filename,A,1,639,658
pynapple/core/config.py,method,PynappleConfig,__init__,A,1,77,80
pynapple/core/config.py,method,PynappleConfig,backend,A,1,83,87
pynapple/core/config.py,method,PynappleConfig,backend,A,1,90,91
pynapple/core/config.py,method,PynappleConfig,time_index_precision,A,1,111,119
pynapple/core/config.py,method,PynappleConfig,suppress_conversion_warnings,A,1,122,128
pynapple/core/config.py,method,PynappleConfig,suppress_time_index_sorting_warnings,A,1,137,142
pynapple/core/config.py,method,PynappleConfig,restore_defaults,A,1,152,160
pynapple/core/interval_set.py,method,IntervalSet,__str__,A,1,395,396
pynapple/core/interval_set.py,method,IntervalSet,__len__,A,1,398,399
pynapple/core/interval_set.py,method,IntervalSet,__array__,A,1,493,494
pynapple/core/interval_set.py,method,IntervalSet,start,A,1,531,532
pynapple/core/interval_set.py,method,IntervalSet,end,A,1,535,536
pynapple/core/interval_set.py,method,IntervalSet,shape,A,1,539,540
pynapple/core/interval_set.py,method,IntervalSet,ndim,A,1,543,544
pynapple/core/interval_set.py,method,IntervalSet,size,A,1,547,548
pynapple/core/interval_set.py,method,IntervalSet,starts,A,1,551,565
pynapple/core/interval_set.py,method,IntervalSet,ends,A,1,568,582
pynapple/core/interval_set.py,method,IntervalSet,loc,A,1,585,589
pynapple/core/interval_set.py,method,IntervalSet,tot_length,A,1,636,651
pynapple/core/interval_set.py,method,IntervalSet,set_diff,A,1,710,730
pynapple/core/interval_set.py,method,IntervalSet,in_interval,A,1,732,752
pynapple/core/interval_set.py,method,IntervalSet,drop_short_intervals,A,1,754,773
pynapple/core/interval_set.py,method,IntervalSet,drop_long_intervals,A,1,775,794
pynapple/core/interval_set.py,method,IntervalSet,as_dataframe,A,1,887,897
pynapple/core/interval_set.py,method,IntervalSet,save,A,1,899,945
pynapple/core/interval_set.py,method,IntervalSet,set_info,A,1,1029,1102
pynapple/core/interval_set.py,method,IntervalSet,get_info,A,1,1105,1161
pynapple/core/interval_set.py,method,IntervalSet,drop_info,A,1,1164,1200
pynapple/core/interval_set.py,method,IntervalSet,restrict_info,A,1,1203,1239
pynapple/core/interval_set.py,method,IntervalSet,groupby,A,1,1243,1287
pynapple/core/interval_set.py,method,IntervalSet,groupby_apply,A,1,1290,1361
pynapple/core/metadata_class.py,function,,anon_func,A,1,517,518
pynapple/core/metadata_class.py,function,,anon_func,A,1,522,523
pynapple/core/metadata_class.py,function,,add_meta_docstring,A,1,17,24
pynapple/core/metadata_class.py,function,,_decorator,A,1,20,22
pynapple/core/metadata_class.py,function,,add_or_convert_metadata,A,1,27,58
pynapple/core/metadata_class.py,method,_MetadataMixin,__dir__,A,1,86,90
pynapple/core/metadata_class.py,method,_MetadataMixin,__getitem__,A,1,129,133
pynapple/core/metadata_class.py,method,_MetadataMixin,metadata,A,1,137,142
pynapple/core/metadata_class.py,method,_MetadataMixin,metadata_columns,A,1,145,149
pynapple/core/metadata_class.py,method,_Metadata,__init__,A,1,549,551
pynapple/core/metadata_class.py,method,_Metadata,columns,A,1,609,613
pynapple/core/metadata_class.py,method,_Metadata,loc,A,1,616,620
pynapple/core/metadata_class.py,method,_Metadata,iloc,A,1,623,627
pynapple/core/metadata_class.py,method,_Metadata,shape,A,1,630,634
pynapple/core/metadata_class.py,method,_Metadata,copy,A,1,729,733
pynapple/core/metadata_class.py,method,_MetadataILoc,__init__,A,1,884,887
pynapple/core/time_index.py,method,TsIndex,values,A,1,120,128
pynapple/core/time_index.py,method,TsIndex,__setitem__,A,1,130,131
pynapple/core/time_index.py,method,TsIndex,to_numpy,A,1,133,141
pynapple/core/time_index.py,method,TsIndex,in_units,A,1,143,151
pynapple/core/time_series.py,function,,method,A,1,235,236
pynapple/core/time_series.py,method,_BaseTsd,_define_instance,A,1,207,218
pynapple/core/time_series.py,method,_BaseTsd,d,A,1,245,246
pynapple/core/time_series.py,method,_BaseTsd,shape,A,1,249,250
pynapple/core/time_series.py,method,_BaseTsd,ndim,A,1,253,254
pynapple/core/time_series.py,method,_BaseTsd,size,A,1,257,258
pynapple/core/time_series.py,method,_BaseTsd,__array__,A,1,260,261
pynapple/core/time_series.py,method,_BaseTsd,as_array,A,1,342,351
pynapple/core/time_series.py,method,_BaseTsd,data,A,1,353,362
pynapple/core/time_series.py,method,_BaseTsd,to_numpy,A,1,364,370
pynapple/core/time_series.py,method,TsdTensor,get_slice,A,1,1063,1085
pynapple/core/time_series.py,method,TsdTensor,count,A,1,1088,1152
pynapple/core/time_series.py,method,TsdTensor,restrict,A,1,1155,1212
pynapple/core/time_series.py,method,TsdTensor,in_interval,A,1,1215,1244
pynapple/core/time_series.py,method,TsdTensor,value_from,A,1,1247,1334
pynapple/core/time_series.py,method,TsdTensor,time_diff,A,1,1337,1354
pynapple/core/time_series.py,method,TsdTensor,save,A,1,1356,1401
pynapple/core/time_series.py,method,TsdFrame,loc,A,1,1592,1598
pynapple/core/time_series.py,method,TsdFrame,as_dataframe,A,1,1866,1876
pynapple/core/time_series.py,method,TsdFrame,get_slice,A,1,1903,1925
pynapple/core/time_series.py,method,TsdFrame,count,A,1,1928,1994
pynapple/core/time_series.py,method,TsdFrame,restrict,A,1,1997,2058
pynapple/core/time_series.py,method,TsdFrame,in_interval,A,1,2061,2090
pynapple/core/time_series.py,method,TsdFrame,value_from,A,1,2093,2182
pynapple/core/time_series.py,method,TsdFrame,time_diff,A,1,2185,2202
pynapple/core/time_series.py,method,TsdFrame,set_info,A,1,2393,2504
pynapple/core/time_series.py,method,TsdFrame,get_info,A,1,2507,2568
pynapple/core/time_series.py,method,TsdFrame,drop_info,A,1,2571,2622
pynapple/core/time_series.py,method,TsdFrame,restrict_info,A,1,2625,2678
pynapple/core/time_series.py,method,TsdFrame,groupby,A,1,2682,2744
pynapple/core/time_series.py,method,TsdFrame,groupby_apply,A,1,2747,2783
pynapple/core/time_series.py,method,Tsd,as_series,A,1,2969,2979
pynapple/core/time_series.py,method,Tsd,get_slice,A,1,3060,3081
pynapple/core/time_series.py,method,Tsd,count,A,1,3084,3148
pynapple/core/time_series.py,method,Tsd,restrict,A,1,3151,3213
pynapple/core/time_series.py,method,Tsd,in_interval,A,1,3216,3245
pynapple/core/time_series.py,method,Tsd,value_from,A,1,3248,3337
pynapple/core/time_series.py,method,Tsd,time_diff,A,1,3340,3357
pynapple/core/time_series.py,method,Tsd,save,A,1,3525,3575
pynapple/core/time_series.py,method,Ts,as_series,A,1,3665,3674
pynapple/core/time_series.py,method,Ts,save,A,1,3717,3765
pynapple/core/time_series.py,method,Ts,get_slice,A,1,3839,3860
pynapple/core/time_series.py,method,Ts,count,A,1,3863,3927
pynapple/core/time_series.py,method,Ts,restrict,A,1,3930,3986
pynapple/core/time_series.py,method,Ts,in_interval,A,1,3989,4018
pynapple/core/time_series.py,method,Ts,value_from,A,1,4021,4108
pynapple/core/time_series.py,method,Ts,time_diff,A,1,4111,4128
pynapple/core/ts_group.py,method,TsGroup,keys,A,1,549,558
pynapple/core/ts_group.py,method,TsGroup,items,A,1,560,569
pynapple/core/ts_group.py,method,TsGroup,values,A,1,571,580
pynapple/core/ts_group.py,method,TsGroup,rates,A,1,583,587
pynapple/core/ts_group.py,method,TsGroup,copy,A,1,589,595
pynapple/core/ts_group.py,method,TsGroup,merge,A,1,1408,1506
pynapple/core/ts_group.py,method,TsGroup,set_info,A,1,1705,1782
pynapple/core/ts_group.py,method,TsGroup,get_info,A,1,1785,1836
pynapple/core/ts_group.py,method,TsGroup,drop_info,A,1,1839,1878
pynapple/core/ts_group.py,method,TsGroup,restrict_info,A,1,1881,1924
pynapple/core/ts_group.py,method,TsGroup,groupby,A,1,1928,1974
pynapple/core/ts_group.py,method,TsGroup,groupby_apply,A,1,1977,2030
pynapple/core/utils.py,function,,wrapper,A,1,485,487
pynapple/core/utils.py,function,,get_backend,A,1,66,71
pynapple/core/utils.py,method,_TsdFrameSliceHelper,__init__,A,1,332,333
pynapple/core/utils.py,method,_IntervalSetSliceHelper,__init__,A,1,364,372
pynapple/core/_core_functions.py,function,,_restrict,A,1,27,28
pynapple/core/_jitted_functions.py,function,,jitbin_array,A,1,405,409
pynapple/io/cnmfe.py,method,CNMF_E,__init__,A,1,37,50
pynapple/io/cnmfe.py,method,Minian,__init__,A,1,99,112
pynapple/io/cnmfe.py,method,InscopixCNMFE,__init__,A,1,162,175
pynapple/io/folder.py,method,Folder,__str__,A,1,141,145
pynapple/io/folder.py,method,Folder,view,A,1,222,224
pynapple/io/folder.py,method,Folder,save,A,1,226,250
pynapple/io/folder.py,method,Folder,info,A,1,261,269
pynapple/io/folder.py,method,Folder,doc,A,1,271,279
pynapple/io/interface_neo.py,function,,_rescale_to_seconds,A,1,91,104
pynapple/io/interface_neo.py,function,,_make_tsd_from_interface,A,1,490,506
pynapple/io/interface_neo.py,method,NeoSignalInterface,__repr__,A,1,643,644
pynapple/io/interface_neo.py,method,NeoSignalInterface,ndim,A,1,647,649
pynapple/io/interface_neo.py,method,NeoSignalInterface,times,A,1,652,654
pynapple/io/interface_neo.py,method,NeoSignalInterface,__len__,A,1,656,658
pynapple/io/interface_neo.py,method,EphysReader,_make_mmap_entry,A,1,1082,1138
pynapple/io/interface_neo.py,method,EphysReader,__repr__,A,1,1303,1304
pynapple/io/interface_neo.py,method,EphysReader,keys,A,1,1381,1383
pynapple/io/interface_nwb.py,method,NWBFile,__repr__,A,1,475,477
pynapple/io/interface_nwb.py,method,NWBFile,close,A,1,527,529
pynapple/io/interface_nwb.py,method,NWBFile,keys,A,1,531,540
pynapple/io/interface_nwb.py,method,NWBFile,items,A,1,542,551
pynapple/io/interface_nwb.py,method,NWBFile,values,A,1,553,562
pynapple/io/loader.py,method,BaseLoader,load_nwb_timeseries,A,1,267,298
pynapple/io/misc.py,function,,load_eeg,A,1,262,307
pynapple/io/neurosuite.py,method,NeuroSuite,__init__,A,1,25,40
pynapple/io/phy.py,method,Phy,__init__,A,1,23,39
pynapple/io/suite2p.py,method,Suite2P,__init__,A,1,55,68
pynapple/process/correlograms.py,function,,_validate_correlograms_inputs,A,1,21,87
pynapple/process/decoding.py,function,,_format_decoding_inputs,A,1,14,94
pynapple/process/decoding.py,function,,decode_template,A,1,408,620
pynapple/process/filtering.py,function,,_validate_filtering_inputs,A,1,14,58
pynapple/process/filtering.py,function,,_get_butter_coefficients,A,1,61,65
pynapple/process/filtering.py,function,,_compute_spectral_inversion,A,1,98,111
pynapple/process/filtering.py,function,,_compute_windowed_sinc_filter,A,1,161,187
pynapple/process/filtering.py,function,,apply_bandpass_filter,A,1,232,286
pynapple/process/filtering.py,function,,apply_bandstop_filter,A,1,290,344
pynapple/process/filtering.py,function,,apply_highpass_filter,A,1,348,402
pynapple/process/filtering.py,function,,apply_lowpass_filter,A,1,406,460
pynapple/process/perievent.py,function,,compute_spike_triggered_average,A,1,221,270
pynapple/process/randomize.py,function,,_resample_ts,A,1,316,332
pynapple/process/randomize.py,function,,_shuffle_intervals_ts,A,1,362,383
pynapple/process/signal.py,function,,compute_hilbert_envelope,A,1,100,170
pynapple/process/signal.py,function,,compute_hilbert_phase,A,1,173,245
pynapple/process/spectrum.py,function,,_validate_spectrum_inputs,A,1,37,65
pynapple/process/tuning_curves.py,function,,_validate_tuning_inputs,A,1,572,636
pynapple/process/tuning_curves.py,function,,compute_discrete_tuning_curves,A,1,750,763
pynapple/process/warping.py,function,,_validate_warping_inputs,A,1,14,40
pynapple/process/wavelets.py,function,,_morlet,A,1,16,40
pynapple/core/base_class.py,method,_Base,__setattr__,A,2,101,110
pynapple/core/base_class.py,method,_Base,start_time,A,2,136,153
pynapple/core/base_class.py,method,_Base,end_time,A,2,155,172
pynapple/core/base_class.py,method,_Base,in_interval,A,2,369,393
pynapple/core/base_class.py,method,_Base,get,A,2,433,451
pynapple/core/base_class.py,method,_Base,get_slice,A,2,453,486
pynapple/core/config.py,method,PynappleConfig,suppress_conversion_warnings,A,2,131,134
pynapple/core/config.py,method,PynappleConfig,suppress_time_index_sorting_warnings,A,2,145,150
pynapple/core/interval_set.py,method,IntervalSet,time_span,A,2,618,634
pynapple/core/interval_set.py,method,IntervalSet,intersect,A,2,654,682
pynapple/core/interval_set.py,method,IntervalSet,union,A,2,684,708
pynapple/core/interval_set.py,method,IntervalSet,as_units,A,2,796,818
pynapple/core/interval_set.py,method,IntervalSet,get_intervals_center,A,2,857,884
pynapple/core/metadata_class.py,method,_MetadataMixin,__init__,A,2,70,83
pynapple/core/metadata_class.py,method,_MetadataMixin,__setattr__,A,2,92,102
pynapple/core/metadata_class.py,method,_MetadataMixin,__setitem__,A,2,121,127
pynapple/core/metadata_class.py,method,_Metadata,dtypes,A,2,637,641
pynapple/core/metadata_class.py,method,_Metadata,as_dataframe,A,2,683,689
pynapple/core/metadata_class.py,method,_Metadata,reset_index,A,2,735,743
pynapple/core/metadata_class.py,method,_MetadataLoc,__init__,A,2,820,824
pynapple/core/metadata_class.py,method,_MetadataLoc,_get_indexer,A,2,871,875
pynapple/core/time_index.py,method,TsIndex,__new__,A,2,111,117
pynapple/core/time_series.py,method,_BaseTsd,__getattr__,A,2,230,241
pynapple/core/time_series.py,method,_BaseTsd,bin_average,A,2,372,425
pynapple/core/time_series.py,method,TsdTensor,__init__,A,2,960,989
pynapple/core/time_series.py,method,TsdFrame,as_units,A,2,1879,1900
pynapple/core/time_series.py,method,TsdFrame,save,A,2,2332,2390
pynapple/core/time_series.py,method,Tsd,as_units,A,2,2982,3002
pynapple/core/time_series.py,method,Tsd,threshold,A,2,3004,3057
pynapple/core/time_series.py,method,Tsd,to_tsgroup,A,2,3359,3407
pynapple/core/time_series.py,method,Ts,_define_instance,A,2,3617,3631
pynapple/core/time_series.py,method,Ts,as_units,A,2,3676,3695
pynapple/core/time_series.py,method,Ts,fillna,A,2,3697,3715
pynapple/core/ts_group.py,method,TsGroup,__setitem__,A,2,362,367
pynapple/core/ts_group.py,method,TsGroup,_ts_group_from_keys,A,2,407,412
pynapple/core/ts_group.py,method,TsGroup,restrict,A,2,600,642
pynapple/core/ts_group.py,method,TsGroup,time_diff,A,2,1075,1121
pynapple/core/ts_group.py,method,TsGroup,get,A,2,1124,1146
pynapple/core/ts_group.py,method,TsGroup,getby_category,A,2,1263,1303
pynapple/core/utils.py,function,,convert_to_array,A,2,18,27
pynapple/core/utils.py,function,,_get_terminal_size,A,2,74,91
pynapple/core/utils.py,function,,_check_time_equals,A,2,205,223
pynapple/core/utils.py,function,,add_docstring,A,2,477,489
pynapple/core/utils.py,function,,_arg_as_sequence,A,2,492,493
pynapple/core/utils.py,function,,_is_regularly_sampled,A,2,597,620
pynapple/core/_core_functions.py,function,,_count,A,2,31,37
pynapple/core/_core_functions.py,function,,_bin_average,A,2,166,172
pynapple/core/_core_functions.py,function,,_threshold,A,2,175,181
pynapple/io/cnmfe.py,method,CNMF_E,load_cnmfe_nwb,A,2,52,81
pynapple/io/cnmfe.py,method,Minian,load_cnmfe_nwb,A,2,114,143
pynapple/io/cnmfe.py,method,InscopixCNMFE,load_cnmfe_nwb,A,2,177,206
pynapple/io/folder.py,method,Folder,expand,A,2,211,219
pynapple/io/folder.py,method,Folder,load,A,2,252,255
pynapple/io/interface_neo.py,function,,_check_neo_installed,A,2,82,86
pynapple/io/interface_neo.py,function,,_make_ts_from_event,A,2,302,322
pynapple/io/interface_neo.py,function,,_make_ts_from_spiketrain,A,2,325,347
pynapple/io/interface_neo.py,method,NeoSignalInterface,__iter__,A,2,660,663
pynapple/io/interface_neo.py,method,EphysReader,items,A,2,1385,1387
pynapple/io/interface_neo.py,method,EphysReader,values,A,2,1389,1391
pynapple/io/interface_neurosuite.py,method,NeuroSuiteIO,_find_files,A,2,319,325
pynapple/io/interface_npz.py,method,NPZFile,load,A,2,82,93
pynapple/io/interface_nwb.py,function,,_extract_compatible_data_from_nwbfile,A,2,94,109
pynapple/io/interface_nwb.py,method,NWBFile,__str__,A,2,452,458
pynapple/io/loader.py,function,,get_error_text,A,2,23,47
pynapple/io/loader.py,method,BaseLoader,__init__,A,2,55,65
pynapple/io/loader.py,method,BaseLoader,nwbfilepath,A,2,68,75
pynapple/io/loader.py,method,BaseLoader,_make_epochs,A,2,136,147
pynapple/io/loader.py,method,BaseLoader,_join_epochs,A,2,149,164
pynapple/io/loader.py,method,BaseLoader,save_nwb_intervals,A,2,166,195
pynapple/io/loader.py,method,BaseLoader,save_nwb_timeseries,A,2,197,239
pynapple/io/loader.py,method,BaseLoader,load_nwb_intervals,A,2,241,265
pynapple/io/misc.py,function,,load_folder,A,2,71,94
pynapple/io/neurosuite.py,method,NeuroSuite,write_neuroscope_intervals,A,2,213,246
pynapple/process/decoding.py,function,,decode_bayes,A,2,157,403
pynapple/process/perievent.py,function,,_align_discrete,A,2,464,497
pynapple/process/randomize.py,function,,_shift,A,2,114,126
pynapple/process/randomize.py,function,,shuffle_ts_intervals,A,2,145,169
pynapple/process/randomize.py,function,,resample_timestamps,A,2,214,240
pynapple/process/randomize.py,function,,_jitter_ts,A,2,246,274
pynapple/process/randomize.py,function,,_resample_tsgroup,A,2,335,359
pynapple/process/randomize.py,function,,_shuffle_intervals_tsgroup,A,2,386,402
pynapple/process/tuning_curves.py,function,,compute_1d_tuning_curves,A,2,640,658
pynapple/process/tuning_curves.py,function,,compute_1d_tuning_curves_continuous,A,2,666,686
pynapple/core/base_class.py,method,_Base,restrict,A,3,344,367
pynapple/core/base_class.py,method,_Base,copy,A,3,395,400
pynapple/core/interval_set.py,method,IntervalSet,__setattr__,A,3,401,411
pynapple/core/interval_set.py,method,IntervalSet,__setitem__,A,3,435,444
pynapple/core/interval_set.py,method,IntervalSet,merge_close_intervals,A,3,820,855
pynapple/core/metadata_class.py,method,_MetadataMixin,__getattr__,A,3,104,118
pynapple/core/metadata_class.py,method,_Metadata,__getitem__,A,3,597,606
pynapple/core/time_series.py,function,,create_str,A,3,1001,1012
pynapple/core/time_series.py,function,,_get_class,A,3,52,70
pynapple/core/time_series.py,method,_BaseTsd,__setitem__,A,3,221,228
pynapple/core/time_series.py,method,TsdFrame,__setattr__,A,3,1732,1742
pynapple/core/time_series.py,method,Ts,__init__,A,3,3590,3615
pynapple/core/ts_group.py,method,TsGroup,__setattr__,A,3,328,338
pynapple/core/ts_group.py,method,TsGroup,getby_intervals,A,3,1210,1261
pynapple/core/utils.py,function,,cast_to_numpy,A,3,162,202
pynapple/core/utils.py,function,,check_filename,A,3,417,446
pynapple/io/folder.py,method,Folder,metadata,A,3,281,306
pynapple/io/interface_neo.py,function,,_get_signal_type,A,3,107,125
pynapple/io/interface_neo.py,function,,_extract_array_annotations,A,3,151,166
pynapple/io/interface_neo.py,method,EphysReader,__init__,A,3,912,936
pynapple/io/interface_neo.py,function,,_loader,A,3,1127,1134
pynapple/io/interface_neurosuite.py,method,NeuroSuiteIO,load_binary,A,3,357,393
pynapple/io/interface_nwb.py,function,,_make_tsd,A,3,140,167
pynapple/io/interface_nwb.py,function,,_make_tsd_tensor,A,3,170,197
pynapple/process/filtering.py,function,,_compute_butterworth_filter,A,3,68,95
pynapple/process/filtering.py,function,,get_filter_frequency_response,A,3,465,517
pynapple/process/randomize.py,function,,jitter_timestamps,A,3,175,208
pynapple/process/randomize.py,function,,_jitter_tsgroup,A,3,277,313
pynapple/process/signal.py,function,,apply_hilbert_transform,A,3,12,97
pynapple/process/spectrum.py,function,,_overlap_split,A,3,17,34
pynapple/process/warping.py,function,,warp_tensor,A,3,194,253
pynapple/process/_process_functions.py,function,,_perievent_triggered_average,A,3,175,223
pynapple/core/base_class.py,method,_Base,find_support,A,4,402,431
pynapple/core/config.py,method,PynappleConfig,set_backend,A,4,93,108
pynapple/core/interval_set.py,method,IntervalSet,__getattr__,A,4,414,433
pynapple/core/interval_set.py,method,IntervalSet,__array_ufunc__,A,4,496,511
pynapple/core/interval_set.py,method,IntervalSet,__array_function__,A,4,513,528
pynapple/core/interval_set.py,method,IntervalSet,_from_npz_reader,A,4,592,616
pynapple/core/metadata_class.py,method,_Metadata,merge,A,4,779,811
pynapple/core/time_index.py,method,TsIndex,format_timestamps,A,4,25,54
pynapple/core/time_index.py,method,TsIndex,return_timestamps,A,4,57,86
pynapple/core/time_index.py,method,TsIndex,sort_timestamps,A,4,89,109
pynapple/core/time_series.py,method,TsdFrame,__getattr__,A,4,1745,1764
pynapple/core/time_series.py,method,Tsd,__init__,A,4,2849,2880
pynapple/core/time_series.py,method,Ts,__getitem__,A,4,3652,3663
pynapple/core/ts_group.py,method,TsGroup,__getattr__,A,4,341,360
pynapple/core/_jitted_functions.py,function,,jitunion_isets,A,4,721,751
pynapple/io/folder.py,function,,_walk_folder,A,4,50,71
pynapple/io/folder.py,method,Folder,_generate_tree_view,A,4,193,209
pynapple/io/interface_neo.py,function,,_make_ts_from_event_multiseg,A,4,267,299
pynapple/io/interface_neo.py,function,,_make_ts_from_spiketrain_multiseg,A,4,350,380
pynapple/io/interface_neo.py,method,NeoSignalInterface,_find_segment_for_index,A,4,665,683
pynapple/io/interface_neo.py,method,EphysReader,close,A,4,1393,1398
pynapple/io/interface_neurosuite.py,function,,_text,A,4,102,109
pynapple/io/interface_neurosuite.py,method,NeuroSuiteIO,_find_evt_files,A,4,327,336
pynapple/io/interface_neurosuite.py,method,NeuroSuiteIO,_find_spike_groups,A,4,338,351
pynapple/io/interface_npz.py,method,NPZFile,__init__,A,4,54,80
pynapple/io/interface_nwb.py,function,,_make_interval_set,A,4,113,137
pynapple/io/neurosuite.py,method,NeuroSuite,load_nwb_spikes,A,4,42,81
pynapple/io/phy.py,method,Phy,load_nwb_spikes,A,4,41,74
pynapple/process/correlograms.py,function,,compute_eventcorrelogram,A,4,372,455
pynapple/process/decoding.py,function,,decode_1d,A,4,629,667
pynapple/process/perievent.py,function,,_align_regular,A,4,501,549
pynapple/process/spectrum.py,function,,wrapper,A,4,39,63
pynapple/process/warping.py,function,,_warp_tensor_from_tsgroup,A,4,150,165
pynapple/process/_process_functions.py,function,,_perievent_continuous,A,4,227,258
pynapple/core/metadata_class.py,method,_MetadataMixin,_check_metadata_column_names,A,5,199,208
pynapple/core/metadata_class.py,method,_MetadataILoc,__getitem__,A,5,889,909
pynapple/core/time_series.py,method,_BaseTsd,__array_ufunc__,A,5,263,282
pynapple/core/time_series.py,method,_BaseTsd,dropna,A,5,427,460
pynapple/core/time_series.py,method,Tsd,__repr__,A,5,2882,2923
pynapple/core/time_series.py,method,Ts,__repr__,A,5,3634,3650
pynapple/core/ts_group.py,method,TsGroup,getby_threshold,A,5,1153,1208
pynapple/core/ts_group.py,method,TsGroup,save,A,5,1510,1627
pynapple/core/utils.py,function,,convert_to_numpy_array,A,5,30,61
pynapple/io/folder.py,method,Folder,__getitem__,A,5,151,179
pynapple/io/interface_neo.py,method,EphysReader,_get_electrode_positions,A,5,1058,1080
pynapple/io/interface_neo.py,method,EphysReader,__str__,A,5,1281,1301
pynapple/io/interface_neurosuite.py,method,NeuroSuiteIO,__init__,A,5,275,313
pynapple/io/interface_neurosuite.py,method,NeuroSuiteIO,load_events,A,5,459,494
pynapple/io/interface_nwb.py,function,,_get_full_path,A,5,44,57
pynapple/io/misc.py,function,,append_NWB_LFP,A,5,311,372
pynapple/process/correlograms.py,function,,compute_autocorrelogram,A,5,165,244
pynapple/process/decoding.py,function,,decode_2d,A,5,671,712
pynapple/process/filtering.py,function,,_get_windowed_sinc_kernel,A,5,114,158
pynapple/process/tuning_curves.py,function,,compute_2d_tuning_curves,A,5,694,717
pynapple/process/tuning_curves.py,function,,compute_2d_tuning_curves_continuous,A,5,721,746
pynapple/process/tuning_curves.py,function,,compute_1d_mutual_info,A,5,826,864
pynapple/process/warping.py,function,,build_tensor,A,5,44,147
pynapple/process/warping.py,function,,wrapper,A,5,16,38
pynapple/core/base_class.py,method,_Base,value_from,B,6,174,220
pynapple/core/base_class.py,method,_Base,_from_npz_reader,B,6,661,691
pynapple/core/interval_set.py,method,IntervalSet,split,B,6,947,1026
pynapple/core/metadata_class.py,method,_Metadata,__eq__,B,6,582,595
pynapple/core/time_series.py,method,TsdTensor,__repr__,B,6,991,1032
pynapple/core/ts_group.py,function,,_union_intervals,B,6,34,63
pynapple/core/ts_group.py,method,TsGroup,value_from,B,6,645,700
pynapple/core/utils.py,function,,_split_tsd,B,6,227,241
pynapple/core/_core_functions.py,function,,_value_from,B,6,40,90
pynapple/io/interface_neo.py,method,EphysReader,_collect_neuroscope,B,6,1013,1056
pynapple/io/interface_nwb.py,function,,_get_unique_identifier,B,6,21,41
pynapple/io/interface_nwb.py,function,,_make_ts,B,6,344,369
pynapple/io/misc.py,function,,load_file,B,6,26,68
pynapple/io/neurosuite.py,method,NeuroSuite,load_lfp,B,6,83,164
pynapple/io/neurosuite.py,method,NeuroSuite,read_neuroscope_intervals,B,6,167,211
pynapple/io/phy.py,method,Phy,load_lfp,B,6,76,154
pynapple/process/filtering.py,function,,_compute_filter,B,6,191,229
pynapple/process/signal.py,function,,_check_tuple,B,6,297,305
pynapple/process/spectrum.py,function,,compute_power_spectral_density,B,6,128,188
pynapple/core/metadata_class.py,method,_Metadata,__repr__,B,7,553,579
pynapple/core/metadata_class.py,function,,_decorator,B,7,33,56
pynapple/core/time_series.py,method,_BaseTsd,__init__,B,7,173,205
pynapple/core/time_series.py,method,_BaseTsd,convolve,B,7,462,521
pynapple/core/time_series.py,method,_BaseTsd,derivative,B,7,771,830
pynapple/core/time_series.py,method,TsdFrame,find_peaks,B,7,2204,2328
pynapple/core/time_series.py,method,Tsd,__getitem__,B,7,2947,2967
pynapple/core/time_series.py,method,Tsd,find_peaks,B,7,3410,3523
pynapple/core/utils.py,method,_TsdFrameSliceHelper,__getitem__,B,7,335,350
pynapple/core/_core_functions.py,function,,_dropna,B,7,93,117
pynapple/core/_core_functions.py,function,,_convolve,B,7,125,163
pynapple/core/_jitted_functions.py,function,,jitintersect,B,7,500,544
pynapple/io/folder.py,function,,_find_files,B,7,19,47
pynapple/io/folder.py,method,Folder,__init__,B,7,96,139
pynapple/io/interface_neo.py,function,,_extract_annotations,B,7,128,148
pynapple/io/interface_neo.py,function,,_make_tsgroup_from_spiketrains,B,7,383,426
pynapple/io/interface_neurosuite.py,function,,_pair_start_stop,B,7,23,35
pynapple/io/interface_npz.py,function,,_find_class_from_variables,B,7,18,34
pynapple/process/decoding.py,function,,_format_decoding_outputs,B,7,97,153
pynapple/process/spectrum.py,function,,compute_fft,B,7,69,124
pynapple/process/tuning_curves.py,function,,compute_2d_mutual_info,B,7,767,822
pynapple/process/warping.py,function,,_warp_tensor_from_tsd,B,7,168,190
pynapple/core/base_class.py,method,_Base,__init__,B,8,34,61
pynapple/core/base_class.py,method,_Base,time_diff,B,8,293,341
pynapple/core/metadata_class.py,method,_MetadataMixin,groupby_apply,B,8,490,533
pynapple/core/metadata_class.py,method,_Metadata,join,B,8,745,777
pynapple/core/time_series.py,method,_BaseTsd,decimate,B,8,611,696
pynapple/core/time_series.py,method,TsdFrame,__init__,B,8,1545,1589
pynapple/core/ts_group.py,method,TsGroup,__str__,B,8,513,547
pynapple/core/utils.py,function,,_convert_iter_to_str,B,8,449,474
pynapple/core/_jitted_functions.py,function,,jitcount,B,8,196,245
pynapple/core/_jitted_functions.py,function,,_jitbin_array,B,8,414,464
pynapple/io/interface_neurosuite.py,function,,parse_neuroscope_xml,B,8,112,231
pynapple/io/interface_nwb.py,method,NWBFile,__init__,B,8,398,450
pynapple/io/interface_nwb.py,method,NWBFile,__getitem__,B,8,479,525
pynapple/process/tuning_curves.py,function,,compute_mutual_information,B,8,438,563
pynapple/process/_process_functions.py,function,,_jitcontinuous_perievent,B,8,18,70
pynapple/core/metadata_class.py,method,_MetadataMixin,restrict_info,B,9,412,443
pynapple/core/metadata_class.py,method,_MetadataMixin,groupby,B,9,445,488
pynapple/core/time_series.py,method,_BaseTsd,smooth,B,9,524,609
pynapple/core/time_series.py,method,_BaseTsd,to_trial_tensor,B,9,832,904
pynapple/core/time_series.py,method,Tsd,__setitem__,B,9,2925,2945
pynapple/core/time_series.py,method,Ts,trial_count,B,9,3767,3836
pynapple/core/ts_group.py,method,TsGroup,trial_count,B,9,971,1073
pynapple/core/utils.py,method,_IntervalSetSliceHelper,__getitem__,B,9,374,414
pynapple/core/_jitted_functions.py,function,,jitremove_nan,B,9,292,316
pynapple/io/interface_neo.py,function,,_parse_openephys_electrode_positions,B,9,32,79
pynapple/io/interface_neo.py,function,,_make_intervalset_from_epoch_multiseg,B,9,213,263
pynapple/io/interface_neurosuite.py,method,NeuroSuiteIO,load_spikes,B,9,396,456
pynapple/io/loader.py,method,BaseLoader,load_data,B,9,77,134
pynapple/io/misc.py,function,,load_session,B,9,97,152
pynapple/core/time_series.py,method,TsdFrame,__setitem__,B,10,1766,1790
pynapple/core/ts_group.py,method,TsGroup,_from_npz_reader,B,10,1630,1702
pynapple/io/interface_neo.py,method,NeoSignalInterface,__init__,B,10,567,641
pynapple/io/interface_neo.py,method,EphysReader,_is_neuroscope,B,10,938,970
pynapple/process/correlograms.py,function,,compute_crosscorrelogram,B,10,248,368
pynapple/process/randomize.py,function,,shift_timestamps,B,10,12,139
pynapple/process/spectrum.py,function,,compute_mean_power_spectral_density,B,10,192,313
pynapple/core/base_class.py,method,_Base,count,C,11,222,291
pynapple/core/metadata_class.py,method,_MetadataMixin,_raise_invalid_metadata_column_name,C,11,151,196
pynapple/core/metadata_class.py,method,_MetadataMixin,get_info,C,11,310,364
pynapple/core/metadata_class.py,method,_Metadata,drop,C,11,643,681
pynapple/core/metadata_class.py,method,_MetadataLoc,__getitem__,C,11,826,869
pynapple/core/time_series.py,method,TsdTensor,__getitem__,C,11,1034,1060
pynapple/core/utils.py,function,,is_array_like,C,11,94,157
pynapple/core/_jitted_functions.py,function,,_jitfix_iset,C,11,755,826
pynapple/io/interface_neo.py,function,,_make_tsgroup_from_spiketrains_multiseg,C,11,429,487
pynapple/io/interface_neo.py,method,EphysReader,_init_neo_reader,C,11,972,1010
pynapple/io/interface_neo.py,method,EphysReader,__getitem__,C,11,1306,1379
pynapple/io/interface_nwb.py,function,,_make_tsd_frame,C,11,200,270
pynapple/io/misc.py,function,,load_binary_file,C,11,155,258
pynapple/process/correlograms.py,function,,_cross_correlogram,C,11,91,161
pynapple/process/correlograms.py,function,,wrapper,C,11,45,85
pynapple/core/interval_set.py,method,IntervalSet,__repr__,C,12,301,393
pynapple/core/metadata_class.py,method,_Metadata,groupby,C,12,691,726
pynapple/core/time_series.py,method,_BaseTsd,__array_function__,C,12,284,340
pynapple/core/ts_group.py,method,TsGroup,__getitem__,C,12,370,405
pynapple/core/ts_group.py,method,TsGroup,subsample,C,12,2032,2132
pynapple/core/_jitted_functions.py,function,,jitrestrict_with_count,C,12,52,91
pynapple/core/_jitted_functions.py,function,,jitin_interval,C,12,249,288
pynapple/io/interface_neo.py,method,NeoSignalInterface,_load_data_range,C,12,685,758
pynapple/core/time_series.py,function,,_initialize_tsd_output,C,13,73,161
pynapple/core/time_series.py,method,_BaseTsd,interpolate,C,13,699,769
pynapple/core/ts_group.py,method,TsGroup,count,C,13,703,838
pynapple/core/ts_group.py,method,TsGroup,to_tsd,C,13,841,968
pynapple/core/_jitted_functions.py,function,,jitrestrict,C,13,9,48
pynapple/core/_jitted_functions.py,function,,jitdiff,C,13,631,717
pynapple/process/perievent.py,function,,compute_event_triggered_average,C,13,13,218
pynapple/process/perievent.py,function,,compute_perievent,C,13,274,461
pynapple/process/signal.py,function,,detect_oscillatory_events,C,13,248,396
pynapple/core/time_series.py,method,TsdFrame,__repr__,C,14,1600,1730
pynapple/core/ts_group.py,method,TsGroup,__repr__,C,14,415,511
pynapple/io/interface_neo.py,method,NeoSignalInterface,__getitem__,C,14,760,824
pynapple/io/interface_nwb.py,function,,iterate_over_nwb,C,14,60,91
pynapple/process/correlograms.py,function,,compute_isi_distribution,C,14,458,552
pynapple/process/wavelets.py,function,,compute_wavelet_transform,C,14,44,137
pynapple/core/interval_set.py,method,IntervalSet,__getitem__,C,15,448,491
pynapple/core/metadata_class.py,method,_MetadataMixin,drop_info,C,15,367,409
pynapple/core/_jitted_functions.py,function,,jitunion,C,15,548,627
pynapple/io/interface_nwb.py,function,,_make_tsgroup,C,15,273,341
pynapple/process/decoding.py,function,,wrapper,C,15,16,92
pynapple/process/filtering.py,function,,wrapper,C,15,16,56
pynapple/process/wavelets.py,function,,generate_morlet_filterbank,C,15,141,240
pynapple/core/ts_group.py,method,TsGroup,merge_group,C,16,1307,1405
pynapple/io/interface_neurosuite.py,function,,_build_events,C,17,38,99
pynapple/process/tuning_curves.py,function,,compute_response_per_epoch,C,17,316,435
pynapple/core/metadata_class.py,method,_MetadataMixin,set_info,C,19,210,306
pynapple/process/_process_functions.py,function,,_jitperievent_triggered_average,C,19,74,172
pynapple/io/suite2p.py,method,Suite2P,load_suite2p_nwb,C,20,70,210
pynapple/core/_jitted_functions.py,function,,jitvaluefrom,D,22,95,192
pynapple/io/neurosuite.py,method,NeuroSuite,load_mean_waveforms,D,24,248,430
pynapple/core/utils.py,function,,_concatenate_tsd,D,25,244,328
pynapple/core/_jitted_functions.py,function,,jitthreshold,D,25,323,402
pynapple/io/interface_neo.py,method,EphysReader,_collect_data,D,25,1141,1278
pynapple/core/interval_set.py,method,IntervalSet,__init__,D,26,178,299
pynapple/core/base_class.py,method,_Base,_get_slice,D,28,489,637
pynapple/process/tuning_curves.py,function,,wrapper,D,28,574,634
pynapple/core/time_series.py,method,TsdFrame,__getitem__,D,29,1793,1864
pynapple/core/ts_group.py,method,TsGroup,__init__,E,35,193,322
pynapple/core/utils.py,function,,modifies_time_axis,E,36,496,594
pynapple/process/tuning_curves.py,function,,compute_tuning_curves,E,37,16,313
