arquivo,escopo,nome,h1,h2,N1,N2,vocabulary,length,calculated_length,volume,difficulty,effort,time,bugs
pynapple/core/base_class.py,funcao,__init__,6,11,6,11,17,17,53.5635,69.4869,3.0,208.4606,11.5811,0.0232
pynapple/core/base_class.py,funcao,_define_instance,0,0,0,0,0,0,0,0,0,0,0,0
pynapple/core/base_class.py,funcao,t,0,0,0,0,0,0,0,0,0,0,0,0
pynapple/core/base_class.py,funcao,start,0,0,0,0,0,0,0,0,0,0,0,0
pynapple/core/base_class.py,funcao,end,0,0,0,0,0,0,0,0,0,0,0,0
pynapple/core/base_class.py,funcao,shape,0,0,0,0,0,0,0,0,0,0,0,0
pynapple/core/base_class.py,funcao,__repr__,0,0,0,0,0,0,0,0,0,0,0,0
pynapple/core/base_class.py,funcao,__str__,0,0,0,0,0,0,0,0,0,0,0,0
pynapple/core/base_class.py,funcao,__len__,0,0,0,0,0,0,0,0,0,0,0,0
pynapple/core/base_class.py,funcao,__setattr__,0,0,0,0,0,0,0,0,0,0,0,0
pynapple/core/base_class.py,funcao,__getitem__,0,0,0,0,0,0,0,0,0,0,0,0
pynapple/core/base_class.py,funcao,__setitem__,0,0,0,0,0,0,0,0,0,0,0,0
pynapple/core/base_class.py,funcao,times,0,0,0,0,0,0,0,0,0,0,0,0
pynapple/core/base_class.py,funcao,start_time,0,0,0,0,0,0,0,0,0,0,0,0
pynapple/core/base_class.py,funcao,end_time,1,1,1,1,2,2,0,2.0,0.5,1.0,0.0556,0.0007
pynapple/core/base_class.py,funcao,value_from,4,9,6,9,13,15,36.5293,55.5066,2.0,111.0132,6.1674,0.0185
pynapple/core/base_class.py,funcao,count,5,11,8,13,16,21,49.6634,84.0,2.9545,248.1818,13.7879,0.028
pynapple/core/base_class.py,funcao,time_diff,9,22,18,33,31,51,126.6368,252.664,6.75,1705.4821,94.749,0.0842
pynapple/core/base_class.py,funcao,restrict,1,2,2,2,3,4,2.0,6.3399,0.5,3.1699,0.1761,0.0021
pynapple/core/base_class.py,funcao,in_interval,1,1,1,1,2,2,0,2.0,0.5,1.0,0.0556,0.0007
pynapple/core/base_class.py,funcao,copy,1,2,1,2,3,3,2.0,4.7549,0.5,2.3774,0.1321,0.0016
pynapple/core/base_class.py,funcao,find_support,4,10,8,15,14,23,41.2193,87.5692,3.0,262.7075,14.5949,0.0292
pynapple/core/base_class.py,funcao,get,1,2,1,2,3,3,2.0,4.7549,0.5,2.3774,0.1321,0.0016
pynapple/core/base_class.py,funcao,get_slice,1,2,1,2,3,3,2.0,4.7549,0.5,2.3774,0.1321,0.0016
pynapple/core/base_class.py,funcao,_get_slice,14,55,59,115,69,174,371.2778,1062.8833,14.6364,15556.7458,864.2637,0.3543
pynapple/core/base_class.py,funcao,_get_filename,0,0,0,0,0,0,0,0,0,0,0,0
pynapple/core/base_class.py,funcao,_from_npz_reader,2,4,2,4,6,6,10.0,15.5098,1.0,15.5098,0.8617,0.0052
pynapple/core/config.py,funcao,__init__,0,0,0,0,0,0,0,0,0,0,0,0
pynapple/core/config.py,funcao,backend,0,0,0,0,0,0,0,0,0,0,0,0
pynapple/core/config.py,funcao,set_backend,3,5,3,6,8,9,16.3645,27.0,1.8,48.6,2.7,0.009
pynapple/core/config.py,funcao,time_index_precision,0,0,0,0,0,0,0,0,0,0,0,0
pynapple/core/config.py,funcao,suppress_conversion_warnings,1,1,1,1,2,2,0,2.0,0.5,1.0,0.0556,0.0007
pynapple/core/config.py,funcao,suppress_time_index_sorting_warnings,1,1,1,1,2,2,0,2.0,0.5,1.0,0.0556,0.0007
pynapple/core/config.py,funcao,restore_defaults,0,0,0,0,0,0,0,0,0,0,0,0
pynapple/core/interval_set.py,funcao,__init__,10,38,28,54,48,82,232.6405,457.9669,7.1053,3253.9755,180.7764,0.1527
pynapple/core/interval_set.py,funcao,__repr__,7,25,17,31,32,48,135.7479,240.0,4.34,1041.6,57.8667,0.08
pynapple/core/interval_set.py,funcao,__str__,0,0,0,0,0,0,0,0,0,0,0,0
pynapple/core/interval_set.py,funcao,__len__,0,0,0,0,0,0,0,0,0,0,0,0
pynapple/core/interval_set.py,funcao,__setattr__,1,2,1,2,3,3,2.0,4.7549,0.5,2.3774,0.1321,0.0016
pynapple/core/interval_set.py,funcao,__getattr__,2,4,3,6,6,9,10.0,23.2647,1.5,34.897,1.9387,0.0078
pynapple/core/interval_set.py,funcao,__setitem__,1,2,1,2,3,3,2.0,4.7549,0.5,2.3774,0.1321,0.0016
pynapple/core/interval_set.py,funcao,__getitem__,7,21,13,27,28,40,111.8902,192.2942,4.5,865.3239,48.0735,0.0641
pynapple/core/interval_set.py,funcao,__array__,0,0,0,0,0,0,0,0,0,0,0,0
pynapple/core/interval_set.py,funcao,__array_ufunc__,1,1,1,1,2,2,0,2.0,0.5,1.0,0.0556,0.0007
pynapple/core/interval_set.py,funcao,__array_function__,1,1,1,1,2,2,0,2.0,0.5,1.0,0.0556,0.0007
pynapple/core/interval_set.py,funcao,start,0,0,0,0,0,0,0,0,0,0,0,0
pynapple/core/interval_set.py,funcao,end,0,0,0,0,0,0,0,0,0,0,0,0
pynapple/core/interval_set.py,funcao,shape,0,0,0,0,0,0,0,0,0,0,0,0
pynapple/core/interval_set.py,funcao,ndim,0,0,0,0,0,0,0,0,0,0,0,0
pynapple/core/interval_set.py,funcao,size,0,0,0,0,0,0,0,0,0,0,0,0
pynapple/core/interval_set.py,funcao,starts,0,0,0,0,0,0,0,0,0,0,0,0
pynapple/core/interval_set.py,funcao,ends,0,0,0,0,0,0,0,0,0,0,0,0
pynapple/core/interval_set.py,funcao,loc,0,0,0,0,0,0,0,0,0,0,0,0
pynapple/core/interval_set.py,funcao,_from_npz_reader,1,2,1,2,3,3,2.0,4.7549,0.5,2.3774,0.1321,0.0016
pynapple/core/interval_set.py,funcao,time_span,1,1,1,1,2,2,0,2.0,0.5,1.0,0.0556,0.0007
pynapple/core/interval_set.py,funcao,tot_length,1,2,1,2,3,3,2.0,4.7549,0.5,2.3774,0.1321,0.0016
pynapple/core/interval_set.py,funcao,intersect,0,0,0,0,0,0,0,0,0,0,0,0
pynapple/core/interval_set.py,funcao,union,0,0,0,0,0,0,0,0,0,0,0,0
pynapple/core/interval_set.py,funcao,set_diff,0,0,0,0,0,0,0,0,0,0,0,0
pynapple/core/interval_set.py,funcao,in_interval,0,0,0,0,0,0,0,0,0,0,0,0
pynapple/core/interval_set.py,funcao,drop_short_intervals,2,4,2,4,6,6,10.0,15.5098,1.0,15.5098,0.8617,0.0052
pynapple/core/interval_set.py,funcao,drop_long_intervals,2,4,2,4,6,6,10.0,15.5098,1.0,15.5098,0.8617,0.0052
pynapple/core/interval_set.py,funcao,as_units,1,2,1,2,3,3,2.0,4.7549,0.5,2.3774,0.1321,0.0016
pynapple/core/interval_set.py,funcao,merge_close_intervals,4,7,6,9,11,15,27.6515,51.8915,2.5714,133.4352,7.4131,0.0173
pynapple/core/interval_set.py,funcao,get_intervals_center,4,6,4,7,10,11,23.5098,36.5412,2.3333,85.2628,4.7368,0.0122
pynapple/core/interval_set.py,funcao,as_dataframe,0,0,0,0,0,0,0,0,0,0,0,0
pynapple/core/interval_set.py,funcao,save,0,0,0,0,0,0,0,0,0,0,0,0
pynapple/core/interval_set.py,funcao,split,7,37,29,55,44,84,212.4013,458.5923,5.2027,2385.9192,132.5511,0.1529
pynapple/core/interval_set.py,funcao,set_info,0,0,0,0,0,0,0,0,0,0,0,0
pynapple/core/interval_set.py,funcao,get_info,0,0,0,0,0,0,0,0,0,0,0,0
pynapple/core/interval_set.py,funcao,drop_info,0,0,0,0,0,0,0,0,0,0,0,0
pynapple/core/interval_set.py,funcao,restrict_info,0,0,0,0,0,0,0,0,0,0,0,0
pynapple/core/interval_set.py,funcao,groupby,0,0,0,0,0,0,0,0,0,0,0,0
pynapple/core/interval_set.py,funcao,groupby_apply,0,0,0,0,0,0,0,0,0,0,0,0
pynapple/core/metadata_class.py,funcao,add_meta_docstring,0,0,0,0,0,0,0,0,0,0,0,0
pynapple/core/metadata_class.py,funcao,add_or_convert_metadata,4,9,4,9,13,13,36.5293,48.1057,2.0,96.2114,5.3451,0.016
pynapple/core/metadata_class.py,funcao,__init__,0,0,0,0,0,0,0,0,0,0,0,0
pynapple/core/metadata_class.py,funcao,__dir__,1,2,1,2,3,3,2.0,4.7549,0.5,2.3774,0.1321,0.0016
pynapple/core/metadata_class.py,funcao,__setattr__,0,0,0,0,0,0,0,0,0,0,0,0
pynapple/core/metadata_class.py,funcao,__getattr__,1,3,2,4,4,6,4.7549,12.0,0.6667,8.0,0.4444,0.004
pynapple/core/metadata_class.py,funcao,__setitem__,1,1,1,1,2,2,0,2.0,0.5,1.0,0.0556,0.0007
pynapple/core/metadata_class.py,funcao,__getitem__,1,2,1,2,3,3,2.0,4.7549,0.5,2.3774,0.1321,0.0016
pynapple/core/metadata_class.py,funcao,metadata,0,0,0,0,0,0,0,0,0,0,0,0
pynapple/core/metadata_class.py,funcao,metadata_columns,0,0,0,0,0,0,0,0,0,0,0,0
pynapple/core/metadata_class.py,funcao,_raise_invalid_metadata_column_name,6,19,12,23,25,35,96.2204,162.535,3.6316,590.2586,32.7921,0.0542
pynapple/core/metadata_class.py,funcao,_check_metadata_column_names,2,4,2,4,6,6,10.0,15.5098,1.0,15.5098,0.8617,0.0052
pynapple/core/metadata_class.py,funcao,set_info,7,25,15,29,32,44,135.7479,220.0,4.06,893.2,49.6222,0.0733
pynapple/core/metadata_class.py,funcao,get_info,3,5,4,8,8,12,16.3645,36.0,2.4,86.4,4.8,0.012
pynapple/core/metadata_class.py,funcao,drop_info,4,12,10,20,16,30,51.0196,120.0,3.3333,400.0,22.2222,0.04
pynapple/core/metadata_class.py,funcao,restrict_info,4,9,5,10,13,15,36.5293,55.5066,2.2222,123.348,6.8527,0.0185
pynapple/core/metadata_class.py,funcao,groupby,1,4,2,4,5,6,8.0,13.9316,0.5,6.9658,0.387,0.0046
pynapple/core/metadata_class.py,funcao,groupby_apply,4,6,4,7,10,11,23.5098,36.5412,2.3333,85.2628,4.7368,0.0122
pynapple/core/metadata_class.py,funcao,__repr__,5,8,5,9,13,14,35.6096,51.8062,2.8125,145.7048,8.0947,0.0173
pynapple/core/metadata_class.py,funcao,__eq__,1,4,4,4,5,8,8.0,18.5754,0.5,9.2877,0.516,0.0062
pynapple/core/metadata_class.py,funcao,columns,0,0,0,0,0,0,0,0,0,0,0,0
pynapple/core/metadata_class.py,funcao,loc,0,0,0,0,0,0,0,0,0,0,0,0
pynapple/core/metadata_class.py,funcao,iloc,0,0,0,0,0,0,0,0,0,0,0,0
pynapple/core/metadata_class.py,funcao,shape,0,0,0,0,0,0,0,0,0,0,0,0
pynapple/core/metadata_class.py,funcao,dtypes,0,0,0,0,0,0,0,0,0,0,0,0
pynapple/core/metadata_class.py,funcao,drop,3,5,4,8,8,12,16.3645,36.0,2.4,86.4,4.8,0.012
pynapple/core/metadata_class.py,funcao,as_dataframe,0,0,0,0,0,0,0,0,0,0,0,0
pynapple/core/metadata_class.py,funcao,copy,0,0,0,0,0,0,0,0,0,0,0,0
pynapple/core/metadata_class.py,funcao,reset_index,0,0,0,0,0,0,0,0,0,0,0,0
pynapple/core/metadata_class.py,funcao,join,4,8,5,9,12,14,32.0,50.1895,2.25,112.9263,6.2737,0.0167
pynapple/core/metadata_class.py,funcao,merge,2,2,2,3,4,5,4.0,10.0,1.5,15.0,0.8333,0.0033
pynapple/core/metadata_class.py,funcao,_get_indexer,0,0,0,0,0,0,0,0,0,0,0,0
pynapple/core/time_index.py,funcao,format_timestamps,2,7,5,10,9,15,21.6515,47.5489,1.4286,67.927,3.7737,0.0158
pynapple/core/time_index.py,funcao,return_timestamps,2,7,5,10,9,15,21.6515,47.5489,1.4286,67.927,3.7737,0.0158
pynapple/core/time_index.py,funcao,sort_timestamps,3,6,4,6,9,10,20.2647,31.6993,1.5,47.5489,2.6416,0.0106
pynapple/core/time_index.py,funcao,__new__,1,2,1,2,3,3,2.0,4.7549,0.5,2.3774,0.1321,0.0016
pynapple/core/time_index.py,funcao,values,0,0,0,0,0,0,0,0,0,0,0,0
pynapple/core/time_index.py,funcao,__setitem__,0,0,0,0,0,0,0,0,0,0,0,0
pynapple/core/time_index.py,funcao,to_numpy,0,0,0,0,0,0,0,0,0,0,0,0
pynapple/core/time_index.py,funcao,in_units,0,0,0,0,0,0,0,0,0,0,0,0
pynapple/core/time_series.py,funcao,_get_class,1,3,2,4,4,6,4.7549,12.0,0.6667,8.0,0.4444,0.004
pynapple/core/time_series.py,funcao,_initialize_tsd_output,6,19,12,23,25,35,96.2204,162.535,3.6316,590.2586,32.7921,0.0542
pynapple/core/time_series.py,funcao,__init__,3,6,3,6,9,9,20.2647,28.5293,1.5,42.794,2.3774,0.0095
pynapple/core/time_series.py,funcao,_define_instance,1,2,1,2,3,3,2.0,4.7549,0.5,2.3774,0.1321,0.0016
pynapple/core/time_series.py,funcao,__setitem__,1,2,1,2,3,3,2.0,4.7549,0.5,2.3774,0.1321,0.0016
pynapple/core/time_series.py,funcao,__getattr__,2,4,3,6,6,9,10.0,23.2647,1.5,34.897,1.9387,0.0078
pynapple/core/time_series.py,funcao,d,0,0,0,0,0,0,0,0,0,0,0,0
pynapple/core/time_series.py,funcao,shape,0,0,0,0,0,0,0,0,0,0,0,0
pynapple/core/time_series.py,funcao,ndim,0,0,0,0,0,0,0,0,0,0,0,0
pynapple/core/time_series.py,funcao,size,0,0,0,0,0,0,0,0,0,0,0,0
pynapple/core/time_series.py,funcao,__array__,0,0,0,0,0,0,0,0,0,0,0,0
pynapple/core/time_series.py,funcao,__array_ufunc__,3,4,3,6,7,9,12.7549,25.2662,2.25,56.8489,3.1583,0.0084
pynapple/core/time_series.py,funcao,__array_function__,3,8,6,12,11,18,28.7549,62.2698,2.25,140.107,7.7837,0.0208
pynapple/core/time_series.py,funcao,as_array,0,0,0,0,0,0,0,0,0,0,0,0
pynapple/core/time_series.py,funcao,data,0,0,0,0,0,0,0,0,0,0,0,0
pynapple/core/time_series.py,funcao,to_numpy,0,0,0,0,0,0,0,0,0,0,0,0
pynapple/core/time_series.py,funcao,bin_average,1,1,1,1,2,2,0,2.0,0.5,1.0,0.0556,0.0007
pynapple/core/time_series.py,funcao,dropna,2,3,2,3,5,5,6.7549,11.6096,1.0,11.6096,0.645,0.0039
pynapple/core/time_series.py,funcao,convolve,5,10,6,10,15,16,44.8289,62.5102,2.5,156.2756,8.682,0.0208
pynapple/core/time_series.py,funcao,smooth,7,18,13,21,25,34,94.7101,157.8911,4.0833,644.722,35.8179,0.0526
pynapple/core/time_series.py,funcao,decimate,7,15,11,19,22,30,78.2548,133.7829,4.4333,593.1044,32.9502,0.0446
pynapple/core/time_series.py,funcao,interpolate,6,22,16,28,28,44,113.6173,211.5236,3.8182,807.6356,44.8686,0.0705
pynapple/core/time_series.py,funcao,derivative,4,11,8,15,15,23,46.0537,89.8585,2.7273,245.0686,13.6149,0.03
pynapple/core/time_series.py,funcao,to_trial_tensor,7,13,10,17,20,27,67.7572,116.6921,4.5769,534.0906,29.6717,0.0389
pynapple/core/time_series.py,funcao,__repr__,5,10,6,11,15,17,44.8289,66.4171,2.75,182.6471,10.1471,0.0221
pynapple/core/time_series.py,funcao,__getitem__,1,2,1,2,3,3,2.0,4.7549,0.5,2.3774,0.1321,0.0016
pynapple/core/time_series.py,funcao,get_slice,0,0,0,0,0,0,0,0,0,0,0,0
pynapple/core/time_series.py,funcao,count,0,0,0,0,0,0,0,0,0,0,0,0
pynapple/core/time_series.py,funcao,restrict,0,0,0,0,0,0,0,0,0,0,0,0
pynapple/core/time_series.py,funcao,in_interval,0,0,0,0,0,0,0,0,0,0,0,0
pynapple/core/time_series.py,funcao,value_from,0,0,0,0,0,0,0,0,0,0,0,0
pynapple/core/time_series.py,funcao,time_diff,0,0,0,0,0,0,0,0,0,0,0,0
pynapple/core/time_series.py,funcao,save,0,0,0,0,0,0,0,0,0,0,0,0
pynapple/core/time_series.py,funcao,loc,0,0,0,0,0,0,0,0,0,0,0,0
pynapple/core/time_series.py,funcao,__setattr__,1,2,1,2,3,3,2.0,4.7549,0.5,2.3774,0.1321,0.0016
pynapple/core/time_series.py,funcao,as_dataframe,0,0,0,0,0,0,0,0,0,0,0,0
pynapple/core/time_series.py,funcao,as_units,2,6,3,6,8,9,17.5098,27.0,1.0,27.0,1.5,0.009
pynapple/core/time_series.py,funcao,find_peaks,5,14,8,15,19,23,64.9126,97.7023,2.6786,261.7027,14.539,0.0326
pynapple/core/time_series.py,funcao,set_info,0,0,0,0,0,0,0,0,0,0,0,0
pynapple/core/time_series.py,funcao,get_info,0,0,0,0,0,0,0,0,0,0,0,0
pynapple/core/time_series.py,funcao,drop_info,0,0,0,0,0,0,0,0,0,0,0,0
pynapple/core/time_series.py,funcao,restrict_info,0,0,0,0,0,0,0,0,0,0,0,0
pynapple/core/time_series.py,funcao,groupby,0,0,0,0,0,0,0,0,0,0,0,0
pynapple/core/time_series.py,funcao,groupby_apply,0,0,0,0,0,0,0,0,0,0,0,0
pynapple/core/time_series.py,funcao,as_series,0,0,0,0,0,0,0,0,0,0,0,0
pynapple/core/time_series.py,funcao,threshold,1,2,1,2,3,3,2.0,4.7549,0.5,2.3774,0.1321,0.0016
pynapple/core/time_series.py,funcao,to_tsgroup,1,2,1,2,3,3,2.0,4.7549,0.5,2.3774,0.1321,0.0016
pynapple/core/time_series.py,funcao,fillna,0,0,0,0,0,0,0,0,0,0,0,0
pynapple/core/time_series.py,funcao,trial_count,8,15,12,20,23,32,82.6034,144.754,5.3333,772.0212,42.8901,0.0483
pynapple/core/ts_group.py,funcao,_union_intervals,3,6,5,10,9,15,20.2647,47.5489,2.5,118.8722,6.604,0.0158
pynapple/core/ts_group.py,funcao,__init__,8,26,18,30,34,48,146.2114,244.1982,4.6154,1127.0687,62.6149,0.0814
pynapple/core/ts_group.py,funcao,__setattr__,1,2,1,2,3,3,2.0,4.7549,0.5,2.3774,0.1321,0.0016
pynapple/core/ts_group.py,funcao,__getattr__,2,4,3,6,6,9,10.0,23.2647,1.5,34.897,1.9387,0.0078
pynapple/core/ts_group.py,funcao,__setitem__,1,1,1,1,2,2,0,2.0,0.5,1.0,0.0556,0.0007
pynapple/core/ts_group.py,funcao,__getitem__,5,13,6,13,18,19,59.7154,79.2286,2.5,198.0714,11.004,0.0264
pynapple/core/ts_group.py,funcao,_ts_group_from_keys,0,0,0,0,0,0,0,0,0,0,0,0
pynapple/core/ts_group.py,funcao,__repr__,9,25,17,31,34,48,144.6257,244.1982,5.58,1362.626,75.7014,0.0814
pynapple/core/ts_group.py,funcao,__str__,4,7,4,8,11,12,27.6515,41.5132,2.2857,94.8873,5.2715,0.0138
pynapple/core/ts_group.py,funcao,keys,0,0,0,0,0,0,0,0,0,0,0,0
pynapple/core/ts_group.py,funcao,items,0,0,0,0,0,0,0,0,0,0,0,0
pynapple/core/ts_group.py,funcao,values,0,0,0,0,0,0,0,0,0,0,0,0
pynapple/core/ts_group.py,funcao,rates,0,0,0,0,0,0,0,0,0,0,0,0
pynapple/core/ts_group.py,funcao,copy,0,0,0,0,0,0,0,0,0,0,0,0
pynapple/core/ts_group.py,funcao,restrict,0,0,0,0,0,0,0,0,0,0,0,0
pynapple/core/ts_group.py,funcao,value_from,3,6,4,6,9,10,20.2647,31.6993,1.5,47.5489,2.6416,0.0106
pynapple/core/ts_group.py,funcao,count,6,13,9,15,19,24,63.6155,101.9503,3.4615,352.9047,19.6058,0.034
pynapple/core/ts_group.py,funcao,to_tsd,4,14,9,18,18,27,61.303,112.588,2.5714,289.5119,16.084,0.0375
pynapple/core/ts_group.py,funcao,trial_count,8,15,12,20,23,32,82.6034,144.754,5.3333,772.0212,42.8901,0.0483
pynapple/core/ts_group.py,funcao,time_diff,0,0,0,0,0,0,0,0,0,0,0,0
pynapple/core/ts_group.py,funcao,get,0,0,0,0,0,0,0,0,0,0,0,0
pynapple/core/ts_group.py,funcao,getby_threshold,5,10,8,16,15,24,44.8289,93.7654,4.0,375.0615,20.8367,0.0313
pynapple/core/ts_group.py,funcao,getby_intervals,7,12,8,15,19,23,62.671,97.7023,4.375,427.4477,23.7471,0.0326
pynapple/core/ts_group.py,funcao,getby_category,0,0,0,0,0,0,0,0,0,0,0,0
pynapple/core/ts_group.py,funcao,merge_group,6,13,13,20,19,33,63.6155,140.1816,4.6154,646.992,35.944,0.0467
pynapple/core/ts_group.py,funcao,merge,0,0,0,0,0,0,0,0,0,0,0,0
pynapple/core/ts_group.py,funcao,save,2,5,6,11,7,17,13.6096,47.725,2.2,104.9951,5.8331,0.0159
pynapple/core/ts_group.py,funcao,_from_npz_reader,3,12,6,12,15,18,47.7744,70.324,1.5,105.486,5.8603,0.0234
pynapple/core/ts_group.py,funcao,set_info,0,0,0,0,0,0,0,0,0,0,0,0
pynapple/core/ts_group.py,funcao,get_info,0,0,0,0,0,0,0,0,0,0,0,0
pynapple/core/ts_group.py,funcao,drop_info,0,0,0,0,0,0,0,0,0,0,0,0
pynapple/core/ts_group.py,funcao,restrict_info,0,0,0,0,0,0,0,0,0,0,0,0
pynapple/core/ts_group.py,funcao,groupby,0,0,0,0,0,0,0,0,0,0,0,0
pynapple/core/ts_group.py,funcao,groupby_apply,0,0,0,0,0,0,0,0,0,0,0,0
pynapple/core/ts_group.py,funcao,subsample,7,11,11,19,18,30,57.7052,125.0978,6.0455,756.2728,42.0152,0.0417
pynapple/core/utils.py,funcao,convert_to_array,1,2,1,2,3,3,2.0,4.7549,0.5,2.3774,0.1321,0.0016
pynapple/core/utils.py,funcao,convert_to_numpy_array,0,0,0,0,0,0,0,0,0,0,0,0
pynapple/core/utils.py,funcao,get_backend,0,0,0,0,0,0,0,0,0,0,0,0
pynapple/core/utils.py,funcao,_get_terminal_size,0,0,0,0,0,0,0,0,0,0,0,0
pynapple/core/utils.py,funcao,is_array_like,3,7,3,8,10,11,24.4064,36.5412,1.7143,62.6421,3.4801,0.0122
pynapple/core/utils.py,funcao,cast_to_numpy,2,4,3,4,6,7,10.0,18.0947,1.0,18.0947,1.0053,0.006
pynapple/core/utils.py,funcao,_check_time_equals,2,4,2,4,6,6,10.0,15.5098,1.0,15.5098,0.8617,0.0052
pynapple/core/utils.py,funcao,_split_tsd,3,7,4,8,10,12,24.4064,39.8631,1.7143,68.3368,3.7965,0.0133
pynapple/core/utils.py,funcao,_concatenate_tsd,8,27,17,31,35,48,152.382,246.2056,4.5926,1130.7219,62.8179,0.0821
pynapple/core/utils.py,funcao,__init__,0,0,0,0,0,0,0,0,0,0,0,0
pynapple/core/utils.py,funcao,__getitem__,4,11,6,12,15,18,46.0537,70.324,2.1818,153.4342,8.5241,0.0234
pynapple/core/utils.py,funcao,check_filename,1,1,1,1,2,2,0,2.0,0.5,1.0,0.0556,0.0007
pynapple/core/utils.py,funcao,_convert_iter_to_str,2,4,2,4,6,6,10.0,15.5098,1.0,15.5098,0.8617,0.0052
pynapple/core/utils.py,funcao,add_docstring,1,2,1,2,3,3,2.0,4.7549,0.5,2.3774,0.1321,0.0016
pynapple/core/utils.py,funcao,_arg_as_sequence,2,3,2,3,5,5,6.7549,11.6096,1.0,11.6096,0.645,0.0039
pynapple/core/utils.py,funcao,modifies_time_axis,10,34,35,69,44,104,206.193,567.7809,10.1471,5761.3061,320.0726,0.1893
pynapple/core/utils.py,funcao,_is_regularly_sampled,3,7,4,8,10,12,24.4064,39.8631,1.7143,68.3368,3.7965,0.0133
pynapple/core/_core_functions.py,funcao,_restrict,0,0,0,0,0,0,0,0,0,0,0,0
pynapple/core/_core_functions.py,funcao,_count,3,5,3,6,8,9,16.3645,27.0,1.8,48.6,2.7,0.009
pynapple/core/_core_functions.py,funcao,_value_from,4,8,6,9,12,15,32.0,53.7744,2.25,120.9925,6.7218,0.0179
pynapple/core/_core_functions.py,funcao,_dropna,3,7,4,7,10,11,24.4064,36.5412,1.5,54.8118,3.0451,0.0122
pynapple/core/_core_functions.py,funcao,_convolve,6,20,19,36,26,55,101.9483,258.5242,5.4,1396.0306,77.5573,0.0862
pynapple/core/_core_functions.py,funcao,_bin_average,1,2,1,2,3,3,2.0,4.7549,0.5,2.3774,0.1321,0.0016
pynapple/core/_core_functions.py,funcao,_threshold,1,2,1,2,3,3,2.0,4.7549,0.5,2.3774,0.1321,0.0016
pynapple/core/_jitted_functions.py,funcao,jitrestrict,7,17,19,38,24,57,89.1384,261.3429,7.8235,2044.6236,113.5902,0.0871
pynapple/core/_jitted_functions.py,funcao,jitrestrict_with_count,7,18,19,38,25,57,94.7101,264.6998,7.3889,1955.8374,108.6576,0.0882
pynapple/core/_jitted_functions.py,funcao,jitvaluefrom,10,38,42,84,48,126,232.6405,703.7053,11.0526,7777.7951,432.0997,0.2346
pynapple/core/_jitted_functions.py,funcao,jitcount,5,25,20,40,30,60,127.706,294.4134,4.0,1177.6537,65.4252,0.0981
pynapple/core/_jitted_functions.py,funcao,jitin_interval,8,18,18,36,26,54,99.0587,253.8237,8.0,2030.59,112.8106,0.0846
pynapple/core/_jitted_functions.py,funcao,jitremove_nan,7,12,14,22,19,36,62.671,152.9254,6.4167,981.2713,54.5151,0.051
pynapple/core/_jitted_functions.py,funcao,jitthreshold,10,55,54,104,65,158,351.1941,951.5341,9.4545,8996.3225,499.7957,0.3172
pynapple/core/_jitted_functions.py,funcao,jitbin_array,0,0,0,0,0,0,0,0,0,0,0,0
pynapple/core/_jitted_functions.py,funcao,_jitbin_array,5,29,22,44,34,66,152.4911,335.7725,3.7931,1273.62,70.7567,0.1119
pynapple/core/_jitted_functions.py,funcao,jitintersect,4,12,14,28,16,42,51.0196,168.0,4.6667,784.0,43.5556,0.056
pynapple/core/_jitted_functions.py,funcao,jitunion,5,18,35,70,23,105,86.6683,474.974,9.7222,4617.8028,256.5446,0.1583
pynapple/core/_jitted_functions.py,funcao,jitdiff,6,22,33,66,28,99,113.6173,475.9281,9.0,4283.3532,237.9641,0.1586
pynapple/core/_jitted_functions.py,funcao,jitunion_isets,4,7,6,12,11,18,27.6515,62.2698,3.4286,213.4964,11.8609,0.0208
pynapple/core/_jitted_functions.py,funcao,_jitfix_iset,5,15,21,42,20,63,70.213,272.2815,7.0,1905.9703,105.8872,0.0908
pynapple/io/cnmfe.py,funcao,__init__,0,0,0,0,0,0,0,0,0,0,0,0
pynapple/io/cnmfe.py,funcao,load_cnmfe_nwb,1,2,1,2,3,3,2.0,4.7549,0.5,2.3774,0.1321,0.0016
pynapple/io/folder.py,funcao,_find_files,4,6,4,8,10,12,23.5098,39.8631,2.6667,106.3017,5.9056,0.0133
pynapple/io/folder.py,funcao,_walk_folder,2,12,7,13,14,20,45.0196,76.1471,1.0833,82.4927,4.5829,0.0254
pynapple/io/folder.py,funcao,__init__,3,14,8,15,17,23,58.0579,94.0116,1.6071,151.0901,8.3939,0.0313
pynapple/io/folder.py,funcao,__str__,0,0,0,0,0,0,0,0,0,0,0,0
pynapple/io/folder.py,funcao,__getitem__,0,0,0,0,0,0,0,0,0,0,0,0
pynapple/io/folder.py,funcao,_generate_tree_view,2,12,7,13,14,20,45.0196,76.1471,1.0833,82.4927,4.5829,0.0254
pynapple/io/folder.py,funcao,expand,1,1,1,1,2,2,0,2.0,0.5,1.0,0.0556,0.0007
pynapple/io/folder.py,funcao,view,0,0,0,0,0,0,0,0,0,0,0,0
pynapple/io/folder.py,funcao,save,2,6,4,8,8,12,17.5098,36.0,1.3333,48.0,2.6667,0.012
pynapple/io/folder.py,funcao,load,0,0,0,0,0,0,0,0,0,0,0,0
pynapple/io/folder.py,funcao,info,0,0,0,0,0,0,0,0,0,0,0,0
pynapple/io/folder.py,funcao,doc,0,0,0,0,0,0,0,0,0,0,0,0
pynapple/io/folder.py,funcao,metadata,2,6,4,8,8,12,17.5098,36.0,1.3333,48.0,2.6667,0.012
pynapple/io/interface_neo.py,funcao,_parse_openephys_electrode_positions,4,8,5,9,12,14,32.0,50.1895,2.25,112.9263,6.2737,0.0167
pynapple/io/interface_neo.py,funcao,_check_neo_installed,1,1,1,1,2,2,0,2.0,0.5,1.0,0.0556,0.0007
pynapple/io/interface_neo.py,funcao,_rescale_to_seconds,0,0,0,0,0,0,0,0,0,0,0,0
pynapple/io/interface_neo.py,funcao,_get_signal_type,1,4,2,4,5,6,8.0,13.9316,0.5,6.9658,0.387,0.0046
pynapple/io/interface_neo.py,funcao,_extract_annotations,1,6,3,6,7,9,15.5098,25.2662,0.5,12.6331,0.7018,0.0084
pynapple/io/interface_neo.py,funcao,_extract_array_annotations,1,2,1,2,3,3,2.0,4.7549,0.5,2.3774,0.1321,0.0016
pynapple/io/interface_neo.py,funcao,_make_intervalset_from_epoch_multiseg,5,9,5,10,14,15,40.139,57.1103,2.7778,158.6398,8.8133,0.019
pynapple/io/interface_neo.py,funcao,_make_ts_from_event_multiseg,1,2,1,2,3,3,2.0,4.7549,0.5,2.3774,0.1321,0.0016
pynapple/io/interface_neo.py,funcao,_make_ts_from_event,0,0,0,0,0,0,0,0,0,0,0,0
pynapple/io/interface_neo.py,funcao,_make_ts_from_spiketrain,0,0,0,0,0,0,0,0,0,0,0,0
pynapple/io/interface_neo.py,funcao,_make_ts_from_spiketrain_multiseg,0,0,0,0,0,0,0,0,0,0,0,0
pynapple/io/interface_neo.py,funcao,_make_tsgroup_from_spiketrains,1,2,1,2,3,3,2.0,4.7549,0.5,2.3774,0.1321,0.0016
pynapple/io/interface_neo.py,funcao,_make_tsgroup_from_spiketrains_multiseg,3,6,3,6,9,9,20.2647,28.5293,1.5,42.794,2.3774,0.0095
pynapple/io/interface_neo.py,funcao,_make_tsd_from_interface,0,0,0,0,0,0,0,0,0,0,0,0
pynapple/io/interface_neo.py,funcao,__init__,1,1,1,1,2,2,0,2.0,0.5,1.0,0.0556,0.0007
pynapple/io/interface_neo.py,funcao,__repr__,0,0,0,0,0,0,0,0,0,0,0,0
pynapple/io/interface_neo.py,funcao,ndim,0,0,0,0,0,0,0,0,0,0,0,0
pynapple/io/interface_neo.py,funcao,times,0,0,0,0,0,0,0,0,0,0,0,0
pynapple/io/interface_neo.py,funcao,__len__,0,0,0,0,0,0,0,0,0,0,0,0
pynapple/io/interface_neo.py,funcao,__iter__,0,0,0,0,0,0,0,0,0,0,0,0
pynapple/io/interface_neo.py,funcao,_find_segment_for_index,5,9,7,14,14,21,40.139,79.9545,3.8889,310.934,17.2741,0.0267
pynapple/io/interface_neo.py,funcao,_load_data_range,8,17,14,27,25,41,93.4869,190.3981,6.3529,1209.588,67.1993,0.0635
pynapple/io/interface_neo.py,funcao,__getitem__,4,10,8,15,14,23,41.2193,87.5692,3.0,262.7075,14.5949,0.0292
pynapple/io/interface_neo.py,funcao,_is_neuroscope,3,9,5,10,12,15,33.2842,53.7744,1.6667,89.6241,4.9791,0.0179
pynapple/io/interface_neo.py,funcao,_init_neo_reader,4,9,6,12,13,18,36.5293,66.6079,2.6667,177.6211,9.8678,0.0222
pynapple/io/interface_neo.py,funcao,_collect_neuroscope,0,0,0,0,0,0,0,0,0,0,0,0
pynapple/io/interface_neo.py,funcao,_get_electrode_positions,2,3,2,3,5,5,6.7549,11.6096,1.0,11.6096,0.645,0.0039
pynapple/io/interface_neo.py,funcao,_make_mmap_entry,4,7,4,8,11,12,27.6515,41.5132,2.2857,94.8873,5.2715,0.0138
pynapple/io/interface_neo.py,funcao,_collect_data,4,18,12,22,22,34,83.0587,151.6207,2.4444,370.6283,20.5905,0.0505
pynapple/io/interface_neo.py,funcao,__str__,2,6,3,6,8,9,17.5098,27.0,1.0,27.0,1.5,0.009
pynapple/io/interface_neo.py,funcao,keys,0,0,0,0,0,0,0,0,0,0,0,0
pynapple/io/interface_neo.py,funcao,items,0,0,0,0,0,0,0,0,0,0,0,0
pynapple/io/interface_neo.py,funcao,values,0,0,0,0,0,0,0,0,0,0,0,0
pynapple/io/interface_neo.py,funcao,close,1,2,1,2,3,3,2.0,4.7549,0.5,2.3774,0.1321,0.0016
pynapple/io/interface_neurosuite.py,funcao,_pair_start_stop,4,15,11,22,19,33,66.6034,140.1816,2.9333,411.1994,22.8444,0.0467
pynapple/io/interface_neurosuite.py,funcao,_build_events,12,21,15,29,33,44,135.2582,221.9533,8.2857,1839.042,102.169,0.074
pynapple/io/interface_neurosuite.py,funcao,_text,2,6,4,8,8,12,17.5098,36.0,1.3333,48.0,2.6667,0.012
pynapple/io/interface_neurosuite.py,funcao,parse_neuroscope_xml,0,0,0,0,0,0,0,0,0,0,0,0
pynapple/io/interface_neurosuite.py,funcao,__init__,3,6,3,6,9,9,20.2647,28.5293,1.5,42.794,2.3774,0.0095
pynapple/io/interface_neurosuite.py,funcao,_find_files,1,1,1,1,2,2,0,2.0,0.5,1.0,0.0556,0.0007
pynapple/io/interface_neurosuite.py,funcao,_find_evt_files,3,7,6,10,10,16,24.4064,53.1508,2.1429,113.8947,6.3275,0.0177
pynapple/io/interface_neurosuite.py,funcao,_find_spike_groups,1,1,1,1,2,2,0,2.0,0.5,1.0,0.0556,0.0007
pynapple/io/interface_neurosuite.py,funcao,load_binary,3,9,5,10,12,15,33.2842,53.7744,1.6667,89.6241,4.9791,0.0179
pynapple/io/interface_neurosuite.py,funcao,load_spikes,6,23,13,28,29,41,119.5517,199.1772,3.6522,727.4298,40.4128,0.0664
pynapple/io/interface_neurosuite.py,funcao,load_events,4,7,4,7,11,11,27.6515,38.0537,2.0,76.1075,4.2282,0.0127
pynapple/io/interface_npz.py,funcao,_find_class_from_variables,2,4,3,6,6,9,10.0,23.2647,1.5,34.897,1.9387,0.0078
pynapple/io/interface_npz.py,funcao,__init__,1,4,2,4,5,6,8.0,13.9316,0.5,6.9658,0.387,0.0046
pynapple/io/interface_npz.py,funcao,load,1,2,1,2,3,3,2.0,4.7549,0.5,2.3774,0.1321,0.0016
pynapple/io/interface_nwb.py,funcao,_get_unique_identifier,5,8,5,9,13,14,35.6096,51.8062,2.8125,145.7048,8.0947,0.0173
pynapple/io/interface_nwb.py,funcao,_get_full_path,3,7,8,16,10,24,24.4064,79.7263,3.4286,273.3472,15.186,0.0266
pynapple/io/interface_nwb.py,funcao,iterate_over_nwb,3,9,5,10,12,15,33.2842,53.7744,1.6667,89.6241,4.9791,0.0179
pynapple/io/interface_nwb.py,funcao,_extract_compatible_data_from_nwbfile,0,0,0,0,0,0,0,0,0,0,0,0
pynapple/io/interface_nwb.py,funcao,_make_interval_set,1,2,1,2,3,3,2.0,4.7549,0.5,2.3774,0.1321,0.0016
pynapple/io/interface_nwb.py,funcao,_make_tsd,4,7,5,8,11,13,27.6515,44.9726,2.2857,102.7945,5.7108,0.015
pynapple/io/interface_nwb.py,funcao,_make_tsd_tensor,4,7,5,8,11,13,27.6515,44.9726,2.2857,102.7945,5.7108,0.015
pynapple/io/interface_nwb.py,funcao,_make_tsd_frame,6,13,8,14,19,22,63.6155,93.4544,3.2308,301.9296,16.7739,0.0312
pynapple/io/interface_nwb.py,funcao,_make_tsgroup,4,11,7,13,15,20,46.0537,78.1378,2.3636,184.6894,10.2605,0.026
pynapple/io/interface_nwb.py,funcao,_make_ts,1,2,1,2,3,3,2.0,4.7549,0.5,2.3774,0.1321,0.0016
pynapple/io/interface_nwb.py,funcao,__init__,0,0,0,0,0,0,0,0,0,0,0,0
pynapple/io/interface_nwb.py,funcao,__str__,1,4,2,4,5,6,8.0,13.9316,0.5,6.9658,0.387,0.0046
pynapple/io/interface_nwb.py,funcao,__repr__,0,0,0,0,0,0,0,0,0,0,0,0
pynapple/io/interface_nwb.py,funcao,__getitem__,2,6,3,6,8,9,17.5098,27.0,1.0,27.0,1.5,0.009
pynapple/io/interface_nwb.py,funcao,close,0,0,0,0,0,0,0,0,0,0,0,0
pynapple/io/interface_nwb.py,funcao,keys,0,0,0,0,0,0,0,0,0,0,0,0
pynapple/io/interface_nwb.py,funcao,items,0,0,0,0,0,0,0,0,0,0,0,0
pynapple/io/interface_nwb.py,funcao,values,0,0,0,0,0,0,0,0,0,0,0,0
pynapple/io/loader.py,funcao,get_error_text,2,9,6,12,11,18,30.5293,62.2698,1.3333,83.0264,4.6126,0.0208
pynapple/io/loader.py,funcao,__init__,2,4,2,4,6,6,10.0,15.5098,1.0,15.5098,0.8617,0.0052
pynapple/io/loader.py,funcao,nwbfilepath,1,2,1,2,3,3,2.0,4.7549,0.5,2.3774,0.1321,0.0016
pynapple/io/loader.py,funcao,load_data,2,7,4,8,9,12,21.6515,38.0391,1.1429,43.4733,2.4152,0.0127
pynapple/io/loader.py,funcao,_make_epochs,0,0,0,0,0,0,0,0,0,0,0,0
pynapple/io/loader.py,funcao,_join_epochs,0,0,0,0,0,0,0,0,0,0,0,0
pynapple/io/loader.py,funcao,save_nwb_intervals,0,0,0,0,0,0,0,0,0,0,0,0
pynapple/io/loader.py,funcao,save_nwb_timeseries,1,2,1,2,3,3,2.0,4.7549,0.5,2.3774,0.1321,0.0016
pynapple/io/loader.py,funcao,load_nwb_intervals,1,2,1,2,3,3,2.0,4.7549,0.5,2.3774,0.1321,0.0016
pynapple/io/loader.py,funcao,load_nwb_timeseries,1,2,1,2,3,3,2.0,4.7549,0.5,2.3774,0.1321,0.0016
pynapple/io/misc.py,funcao,load_file,3,6,4,7,9,11,20.2647,34.8692,1.75,61.0211,3.3901,0.0116
pynapple/io/misc.py,funcao,load_folder,1,1,1,1,2,2,0,2.0,0.5,1.0,0.0556,0.0007
pynapple/io/misc.py,funcao,load_session,1,7,6,12,8,18,19.6515,54.0,0.8571,46.2857,2.5714,0.018
pynapple/io/misc.py,funcao,load_binary_file,6,23,17,34,29,51,119.5517,247.757,4.4348,1098.7486,61.0416,0.0826
pynapple/io/misc.py,funcao,load_eeg,0,0,0,0,0,0,0,0,0,0,0,0
pynapple/io/misc.py,funcao,append_NWB_LFP,1,2,1,2,3,3,2.0,4.7549,0.5,2.3774,0.1321,0.0016
pynapple/io/neurosuite.py,funcao,__init__,0,0,0,0,0,0,0,0,0,0,0,0
pynapple/io/neurosuite.py,funcao,load_nwb_spikes,3,5,3,5,8,8,16.3645,24.0,1.5,36.0,2.0,0.008
pynapple/io/neurosuite.py,funcao,load_lfp,5,18,11,21,23,32,86.6683,144.754,2.9167,422.1991,23.4555,0.0483
pynapple/io/neurosuite.py,funcao,read_neuroscope_intervals,7,14,11,21,21,32,72.9545,140.5542,5.25,737.9093,40.995,0.0469
pynapple/io/neurosuite.py,funcao,write_neuroscope_intervals,2,13,7,14,15,21,50.1057,82.0447,1.0769,88.3558,4.9087,0.0273
pynapple/io/neurosuite.py,funcao,load_mean_waveforms,13,63,44,83,76,127,424.6744,793.4868,8.5635,6795.0179,377.501,0.2645
pynapple/io/phy.py,funcao,__init__,0,0,0,0,0,0,0,0,0,0,0,0
pynapple/io/phy.py,funcao,load_nwb_spikes,3,5,3,5,8,8,16.3645,24.0,1.5,36.0,2.0,0.008
pynapple/io/phy.py,funcao,load_lfp,4,17,10,20,21,30,77.4869,131.7695,2.3529,310.0459,17.2248,0.0439
pynapple/io/suite2p.py,funcao,__init__,0,0,0,0,0,0,0,0,0,0,0,0
pynapple/io/suite2p.py,funcao,load_suite2p_nwb,7,30,19,36,37,55,166.8582,286.5199,4.2,1203.3837,66.8547,0.0955
pynapple/process/correlograms.py,funcao,_validate_correlograms_inputs,7,16,10,17,23,27,83.6515,122.1362,3.7188,454.1939,25.233,0.0407
pynapple/process/correlograms.py,funcao,_cross_correlogram,10,36,32,63,46,95,219.3366,524.7384,8.75,4591.4609,255.0812,0.1749
pynapple/process/correlograms.py,funcao,compute_autocorrelogram,2,4,2,4,6,6,10.0,15.5098,1.0,15.5098,0.8617,0.0052
pynapple/process/correlograms.py,funcao,compute_crosscorrelogram,1,4,2,4,5,6,8.0,13.9316,0.5,6.9658,0.387,0.0046
pynapple/process/correlograms.py,funcao,compute_eventcorrelogram,2,4,2,4,6,6,10.0,15.5098,1.0,15.5098,0.8617,0.0052
pynapple/process/correlograms.py,funcao,compute_isi_distribution,8,17,14,22,25,36,93.4869,167.1788,5.1765,865.3963,48.0776,0.0557
pynapple/process/decoding.py,funcao,_format_decoding_inputs,10,22,15,25,32,40,131.3268,200.0,5.6818,1136.3636,63.1313,0.0667
pynapple/process/decoding.py,funcao,_format_decoding_outputs,5,7,7,11,12,18,31.2611,64.5293,3.9286,253.5081,14.0838,0.0215
pynapple/process/decoding.py,funcao,decode_bayes,5,16,10,18,21,28,75.6096,122.9849,2.8125,345.895,19.2164,0.041
pynapple/process/decoding.py,funcao,decode_template,1,1,1,1,2,2,0,2.0,0.5,1.0,0.0556,0.0007
pynapple/process/decoding.py,funcao,decode_1d,6,12,12,19,18,31,58.5293,129.2677,4.75,614.0215,34.1123,0.0431
pynapple/process/decoding.py,funcao,decode_2d,6,12,12,19,18,31,58.5293,129.2677,4.75,614.0215,34.1123,0.0431
pynapple/process/filtering.py,funcao,_validate_filtering_inputs,6,24,16,27,30,43,125.5489,210.9963,3.375,712.1125,39.5618,0.0703
pynapple/process/filtering.py,funcao,_get_butter_coefficients,0,0,0,0,0,0,0,0,0,0,0,0
pynapple/process/filtering.py,funcao,_compute_butterworth_filter,1,2,1,2,3,3,2.0,4.7549,0.5,2.3774,0.1321,0.0016
pynapple/process/filtering.py,funcao,_compute_spectral_inversion,4,7,5,9,11,14,27.6515,48.432,2.5714,124.5395,6.9189,0.0161
pynapple/process/filtering.py,funcao,_get_windowed_sinc_kernel,6,19,14,27,25,41,96.2204,190.3981,4.2632,811.6972,45.0943,0.0635
pynapple/process/filtering.py,funcao,_compute_windowed_sinc_filter,0,0,0,0,0,0,0,0,0,0,0,0
pynapple/process/filtering.py,funcao,_compute_filter,3,6,4,7,9,11,20.2647,34.8692,1.75,61.0211,3.3901,0.0116
pynapple/process/filtering.py,funcao,apply_bandpass_filter,0,0,0,0,0,0,0,0,0,0,0,0
pynapple/process/filtering.py,funcao,apply_bandstop_filter,0,0,0,0,0,0,0,0,0,0,0,0
pynapple/process/filtering.py,funcao,apply_highpass_filter,0,0,0,0,0,0,0,0,0,0,0,0
pynapple/process/filtering.py,funcao,apply_lowpass_filter,0,0,0,0,0,0,0,0,0,0,0,0
pynapple/process/filtering.py,funcao,get_filter_frequency_response,3,7,5,10,10,15,24.4064,49.8289,2.1429,106.7763,5.932,0.0166
pynapple/process/perievent.py,funcao,compute_event_triggered_average,10,20,17,27,30,44,119.6578,215.9032,6.75,1457.3465,80.9637,0.072
pynapple/process/perievent.py,funcao,compute_spike_triggered_average,0,0,0,0,0,0,0,0,0,0,0,0
pynapple/process/perievent.py,funcao,compute_perievent,6,13,9,13,19,22,63.6155,93.4544,3.0,280.3632,15.5757,0.0312
pynapple/process/perievent.py,funcao,_align_discrete,5,9,6,12,14,18,40.139,68.5324,3.3333,228.4413,12.6912,0.0228
pynapple/process/perievent.py,funcao,_align_regular,4,11,8,13,15,21,46.0537,82.0447,2.3636,193.9238,10.7735,0.0273
pynapple/process/randomize.py,funcao,shift_timestamps,10,21,15,25,31,40,125.4579,198.1679,5.9524,1179.5706,65.5317,0.0661
pynapple/process/randomize.py,funcao,shuffle_ts_intervals,1,2,1,2,3,3,2.0,4.7549,0.5,2.3774,0.1321,0.0016
pynapple/process/randomize.py,funcao,jitter_timestamps,2,4,2,4,6,6,10.0,15.5098,1.0,15.5098,0.8617,0.0052
pynapple/process/randomize.py,funcao,resample_timestamps,1,2,1,2,3,3,2.0,4.7549,0.5,2.3774,0.1321,0.0016
pynapple/process/randomize.py,funcao,_jitter_ts,2,3,2,3,5,5,6.7549,11.6096,1.0,11.6096,0.645,0.0039
pynapple/process/randomize.py,funcao,_jitter_tsgroup,2,3,2,3,5,5,6.7549,11.6096,1.0,11.6096,0.645,0.0039
pynapple/process/randomize.py,funcao,_resample_ts,0,0,0,0,0,0,0,0,0,0,0,0
pynapple/process/randomize.py,funcao,_resample_tsgroup,0,0,0,0,0,0,0,0,0,0,0,0
pynapple/process/randomize.py,funcao,_shuffle_intervals_ts,1,2,1,2,3,3,2.0,4.7549,0.5,2.3774,0.1321,0.0016
pynapple/process/randomize.py,funcao,_shuffle_intervals_tsgroup,0,0,0,0,0,0,0,0,0,0,0,0
pynapple/process/signal.py,funcao,apply_hilbert_transform,0,0,0,0,0,0,0,0,0,0,0,0
pynapple/process/signal.py,funcao,compute_hilbert_envelope,0,0,0,0,0,0,0,0,0,0,0,0
pynapple/process/signal.py,funcao,compute_hilbert_phase,1,2,1,2,3,3,2.0,4.7549,0.5,2.3774,0.1321,0.0016
pynapple/process/signal.py,funcao,detect_oscillatory_events,12,27,20,33,39,53,171.4015,280.1263,7.3333,2054.2597,114.1255,0.0934
pynapple/process/spectrum.py,funcao,_overlap_split,5,17,14,28,22,42,81.0965,187.2961,4.1176,771.2194,42.8455,0.0624
pynapple/process/spectrum.py,funcao,_validate_spectrum_inputs,2,3,2,3,5,5,6.7549,11.6096,1.0,11.6096,0.645,0.0039
pynapple/process/spectrum.py,funcao,compute_fft,4,11,8,16,15,24,46.0537,93.7654,2.9091,272.772,15.154,0.0313
pynapple/process/spectrum.py,funcao,compute_power_spectral_density,8,20,15,30,28,45,110.4386,216.331,6.0,1297.9858,72.1103,0.0721
pynapple/process/spectrum.py,funcao,compute_mean_power_spectral_density,13,31,25,48,44,73,201.6858,398.5385,10.0645,4011.0972,222.8387,0.1328
pynapple/process/tuning_curves.py,funcao,compute_tuning_curves,11,43,36,63,54,99,271.3831,569.7339,8.0581,4590.995,255.0553,0.1899
pynapple/process/tuning_curves.py,funcao,compute_response_per_epoch,7,16,11,19,23,30,83.6515,135.7069,4.1562,564.0316,31.3351,0.0452
pynapple/process/tuning_curves.py,funcao,compute_mutual_information,8,16,14,25,24,39,88.0,178.8135,6.25,1117.5846,62.088,0.0596
pynapple/process/tuning_curves.py,funcao,_validate_tuning_inputs,4,32,28,42,36,70,168.0,361.8948,2.625,949.9737,52.7763,0.1206
pynapple/process/tuning_curves.py,funcao,compute_1d_tuning_curves,1,2,1,2,3,3,2.0,4.7549,0.5,2.3774,0.1321,0.0016
pynapple/process/tuning_curves.py,funcao,compute_1d_tuning_curves_continuous,1,2,1,2,3,3,2.0,4.7549,0.5,2.3774,0.1321,0.0016
pynapple/process/tuning_curves.py,funcao,compute_2d_tuning_curves,2,4,2,4,6,6,10.0,15.5098,1.0,15.5098,0.8617,0.0052
pynapple/process/tuning_curves.py,funcao,compute_2d_tuning_curves_continuous,2,4,2,4,6,6,10.0,15.5098,1.0,15.5098,0.8617,0.0052
pynapple/process/tuning_curves.py,funcao,compute_discrete_tuning_curves,0,0,0,0,0,0,0,0,0,0,0,0
pynapple/process/tuning_curves.py,funcao,compute_2d_mutual_info,4,14,10,20,18,30,61.303,125.0978,2.8571,357.4221,19.8568,0.0417
pynapple/process/tuning_curves.py,funcao,compute_1d_mutual_info,3,6,3,6,9,9,20.2647,28.5293,1.5,42.794,2.3774,0.0095
pynapple/process/warping.py,funcao,_validate_warping_inputs,2,3,2,3,5,5,6.7549,11.6096,1.0,11.6096,0.645,0.0039
pynapple/process/warping.py,funcao,build_tensor,2,5,3,5,7,8,13.6096,22.4588,1.0,22.4588,1.2477,0.0075
pynapple/process/warping.py,funcao,_warp_tensor_from_tsgroup,2,4,2,4,6,6,10.0,15.5098,1.0,15.5098,0.8617,0.0052
pynapple/process/warping.py,funcao,_warp_tensor_from_tsd,5,13,9,16,18,25,59.7154,104.2481,3.0769,320.7635,17.8202,0.0347
pynapple/process/warping.py,funcao,warp_tensor,1,2,1,2,3,3,2.0,4.7549,0.5,2.3774,0.1321,0.0016
pynapple/process/wavelets.py,funcao,_morlet,4,19,13,23,23,36,88.7106,162.8482,2.4211,394.2641,21.9036,0.0543
pynapple/process/wavelets.py,funcao,compute_wavelet_transform,11,28,23,41,39,64,172.6597,338.2657,8.0536,2724.2473,151.3471,0.1128
pynapple/process/wavelets.py,funcao,generate_morlet_filterbank,13,37,35,62,50,97,240.8555,547.4541,10.8919,5962.8103,331.2672,0.1825
pynapple/process/_process_functions.py,funcao,_jitcontinuous_perievent,6,28,23,46,34,69,150.1157,351.0349,4.9286,1730.1008,96.1167,0.117
pynapple/process/_process_functions.py,funcao,_jitperievent_triggered_average,11,43,39,72,54,111,271.3831,638.7925,9.2093,5882.8334,326.8241,0.2129
pynapple/process/_process_functions.py,funcao,_perievent_triggered_average,2,4,4,6,6,10,10.0,25.8496,1.5,38.7744,2.1541,0.0086
pynapple/process/_process_functions.py,funcao,_perievent_continuous,4,13,8,16,17,24,56.1057,98.0991,2.4615,241.4747,13.4153,0.0327
